﻿<?xml version="1.0" encoding="utf-8"?>
<AppVariables version="2.0">
  <Datasets>
    <Dataset id="menu">
      <ColumnInfo>
        <Column id="m_id" type="STRING" size="256"/>
        <Column id="m_name" type="STRING" size="256"/>
        <Column id="m_level" type="STRING" size="256"/>
      </ColumnInfo>
      <Rows>
        <Row>
          <Col id="m_id">1</Col>
          <Col id="m_name">KH 소개</Col>
          <Col id="m_level">0</Col>
        </Row>
        <Row>
          <Col id="m_id">2</Col>
          <Col id="m_name">연혁</Col>
          <Col id="m_level">1</Col>
        </Row>
        <Row>
          <Col id="m_id">3</Col>
          <Col id="m_name">오시는 길</Col>
          <Col id="m_level">1</Col>
        </Row>
        <Row>
          <Col id="m_id">4</Col>
          <Col id="m_name">과정 소개</Col>
          <Col id="m_level">0</Col>
        </Row>
        <Row>
          <Col id="m_id">5</Col>
          <Col id="m_name">자바 학부</Col>
          <Col id="m_level">1</Col>
        </Row>
        <Row>
          <Col id="m_id">6</Col>
          <Col id="m_name">보안 학부</Col>
          <Col id="m_level">1</Col>
        </Row>
        <Row>
          <Col id="m_id">7</Col>
          <Col id="m_name">KH 소식</Col>
          <Col id="m_level">0</Col>
        </Row>
        <Row>
          <Col id="m_id">8</Col>
          <Col id="m_name">인재 채용</Col>
          <Col id="m_level">0</Col>
        </Row>
      </Rows>
    </Dataset>
  </Datasets>
  <Variables/>
</AppVariables>
